Workbook

Sheet 전력비
B1: [년도별 전력비 현황 ]
C2: 단위 | D2: 년도 | E2: 1월 | F2: 2월 | G2: 3월 | H2: 4월 | I2: 5월 | J2: 6월 | K2: 7월 | L2: 8월 | M2: 9월 | N2: 10월 | O2: 11월 | P2: 12월 | Q2: 평균 | R2: 비고
B4: 총 전기 요금 | C4: 백만원 | D4: '07 | E4: =94707260/1000000 -> 94.70726 | F4: =91556520/1000000 -> 91.55652 | G4: =101391180/1000000 -> 101.39118 | H4: =89800762/1000000 -> 89.800762 | I4: =94576360/1000000 -> 94.57636 | J4: =91200860/1000000 -> 91.20086 | K4: =105923400/1000000 -> 105.9234 | L4: =102615940/1000000 -> 102.61594 | M4: =81217980/1000000 -> 81.21798 | N4: =99696640/1000000 -> 99.69664 | O4: =117617420/1000000 -> 117.61742 | P4: =115819160/1000000 -> 115.81916 | Q4: =+AVERAGE(E4:P4) -> 98.843624
D5: '08 | E5: =118569920/1000000 -> 118.56992 | F5: =104524130/1000000 -> 104.52413 | G5: =110212640/1000000 -> 110.21264 | H5: =113787940/1000000 -> 113.78794 | I5: =105360450/1000000 -> 105.36045 | J5: =100766330/1000000 -> 100.76633 | K5: =136284590/1000000 -> 136.28459 | L5: =118771250/1000000 -> 118.77125 | M5: =85020070/1000000 -> 85.02007 | N5: =114174410/1000000 -> 114.17441 | O5: =126248700/1000000 -> 126.2487 | P5: =125505530/1000000 -> 125.50553 | Q5: =+AVERAGE(E5:P5) -> 113.26883
D6: '09 | E6: =94136640/1000000 -> 94.13664 | F6: =105299660/1000000 -> 105.29966 | G6: =105252240/1000000 -> 105.25224 | H6: =107815080/1000000 -> 107.81508 | I6: =100569570/1000000 -> 100.56957 | J6: =109120510/1000000 -> 109.12051 | K6: =167232710/1000000 -> 167.23271 | L6: =123399390/1000000 -> 123.39939 | M6: =138274310/1000000 -> 138.27431 | N6: =133126500/1000000 -> 133.1265 | O6: =165431780/1000000 -> 165.43178 | P6: =+[1]월별!#REF!/1000000 -> #REF! | Q6: =+AVERAGE(E6:P6) -> #REF!
D7: '10 | E7: =+[1]월별!#REF!/1000000 -> #REF! | F7: =+[1]월별!#REF!/1000000 -> #REF! | G7: =+[1]월별!#REF!/1000000 -> #REF! | H7: =+[1]월별!#REF!/1000000 -> #REF! | I7: =+[1]월별!#REF!/1000000 -> #REF! | J7: =+[1]월별!#REF!/1000000 -> #REF! | K7: =+[1]월별!#REF!/1000000 -> #REF! | L7: =+[1]월별!#REF!/1000000 -> #REF! | ... P7: =+[1]월별!#REF!/1000000 -> #REF! | Q7: =+AVERAGE(E7:P7) -> #REF!
D8: '11 | E8: =[1]월별!#REF!/1000000 -> #REF! | F8: =[1]월별!#REF!/1000000 -> #REF! | G8: =[1]월별!#REF!/1000000 -> #REF! | H8: =[1]월별!#REF!/1000000 -> #REF! | I8: =[1]월별!#REF!/1000000 -> #REF! | J8: =[1]월별!#REF!/1000000 -> #REF! | K8: =[1]월별!#REF!/1000000 -> #REF! | L8: =[1]월별!#REF!/1000000 -> #REF! | ... P8: =[1]월별!#REF!/1000000 -> #REF! | Q8: =+AVERAGE(E8:P8) -> #REF!
D9: 12 | E9: =[1]월별!#REF!/1000000 -> #REF! | F9: =[1]월별!#REF!/1000000 -> #REF! | G9: =[1]월별!#REF!/1000000 -> #REF! | H9: =[1]월별!#REF!/1000000 -> #REF! | I9: =[1]월별!#REF!/1000000 -> #REF! | J9: =[1]월별!#REF!/1000000 -> #REF! | K9: =[1]월별!#REF!/1000000 -> #REF! | L9: =[1]월별!#REF!/1000000 -> #REF! | ... P9: =[1]월별!#REF!/1000000 -> #REF! | Q9: =+AVERAGE(E9:P9) -> #REF!
D10: '13 | E10: =[1]월별!#REF!/1000000 -> #REF! | F10: =[1]월별!#REF!/1000000 -> #REF! | G10: =[1]월별!#REF!/1000000 -> #REF! | H10: =[1]월별!#REF!/1000000 -> #REF! | I10: =[1]월별!#REF!/1000000 -> #REF! | J10: =[1]월별!#REF!/1000000 -> #REF! | K10: =[1]월별!#REF!/1000000 -> #REF! | L10: =[1]월별!#REF!/1000000 -> #REF! | ... P10: =[1]월별!#REF!/1000000 -> #REF! | Q10: =+AVERAGE(E10:P10) -> #REF!
D11: '14 | E11: =[1]월별!#REF!/1000000 -> #REF! | F11: =[1]월별!#REF!/1000000 -> #REF! | G11: =[1]월별!#REF!/1000000 -> #REF! | H11: =[1]월별!#REF!/1000000 -> #REF! | I11: =[1]월별!#REF!/1000000 -> #REF! | J11: =[1]월별!#REF!/1000000 -> #REF! | K11: =[1]월별!#REF!/1000000 -> #REF! | L11: =[1]월별!#REF!/1000000 -> #REF! | ... P11: =[1]월별!#REF!/1000000 -> #REF! | Q11: =+AVERAGE(E11:P11) -> #REF!
D12: '15 | E12: =[1]월별!#REF!/1000000 -> #REF! | F12: =[1]월별!#REF!/1000000 -> #REF! | G12: =[1]월별!#REF!/1000000 -> #REF! | H12: =[1]월별!#REF!/1000000 -> #REF! | I12: =[1]월별!#REF!/1000000 -> #REF! | J12: =[1]월별!#REF!/1000000 -> #REF! | K12: =[1]월별!#REF!/1000000 -> #REF! | L12: =[1]월별!#REF!/1000000 -> #REF! | ... P12: =[1]월별!#REF!/1000000 -> #REF! | Q12: =+AVERAGE(E12:P12) -> #REF!
D13: '16 | E13: =[1]월별!#REF!/1000000 -> #REF! | F13: =[1]월별!#REF!/1000000 -> #REF! | G13: =[1]월별!#REF!/1000000 -> #REF! | H13: =[1]월별!#REF!/1000000 -> #REF! | I13: =[1]월별!#REF!/1000000 -> #REF! | J13: =[1]월별!#REF!/1000000 -> #REF! | K13: =[1]월별!#REF!/1000000 -> #REF! | L13: =[1]월별!#REF!/1000000 -> #REF! | ... P13: =[1]월별!#REF!/1000000 -> #REF! | Q13: =+AVERAGE(E13:P13) -> #REF!
D14: '17 | E14: =[1]월별!#REF!/1000000 -> #REF! | F14: =[1]월별!#REF!/1000000 -> #REF! | G14: =[1]월별!#REF!/1000000 -> #REF! | H14: =[1]월별!#REF!/1000000 -> #REF! | I14: =[1]월별!#REF!/1000000 -> #REF! | J14: =[1]월별!#REF!/1000000 -> #REF! | K14: =[1]월별!#REF!/1000000 -> #REF! | L14: =[1]월별!#REF!/1000000 -> #REF! | ... P14: =[1]월별!#REF!/1000000 -> #REF! | Q14: =+AVERAGE(E14:P14) -> #REF!
D15: '18 | E15: =[1]월별!#REF!/1000000 -> #REF! | F15: =[1]월별!#REF!/1000000 -> #REF! | G15: =[1]월별!#REF!/1000000 -> #REF! | H15: =[1]월별!#REF!/1000000 -> #REF! | I15: =[1]월별!#REF!/1000000 -> #REF! | J15: =[1]월별!#REF!/1000000 -> #REF! | K15: =[1]월별!#REF!/1000000 -> #REF! | L15: =[1]월별!#REF!/1000000 -> #REF! | ... P15: =[1]월별!#REF!/1000000 -> #REF! | Q15: =+AVERAGE(E15:P15) -> #REF!
D16: '19 | E16: =[1]월별!#REF!/1000000 -> #REF! | F16: =[1]월별!#REF!/1000000 -> #REF! | G16: =[1]월별!#REF!/1000000 -> #REF! | H16: =[1]월별!#REF!/1000000 -> #REF! | I16: =[1]월별!#REF!/1000000 -> #REF! | J16: =[1]월별!#REF!/1000000 -> #REF! | K16: =[1]월별!#REF!/1000000 -> #REF! | L16: =[1]월별!#REF!/1000000 -> #REF! | ... P16: =[1]월별!#REF!/1000000 -> #REF! | Q16: =+AVERAGE(E16:P16) -> #REF!
D17: '20 | E17: =[1]월별!G38/1000000 -> 307.48096 | F17: =[1]월별!H38/1000000 -> 274.40757 | G17: =[1]월별!I38/1000000 -> 260.95025 | H17: =[1]월별!J38/1000000 -> 231.78908 | I17: =[1]월별!K38/1000000 -> 184.61559 | J17: =[1]월별!L38/1000000 -> 287.01457 | K17: =[1]월별!M38/1000000 -> 336.25847 | L17: =[1]월별!N38/1000000 -> 274.74934 | ... P17: =[1]월별!R38/1000000 -> 358.23924 | Q17: =+AVERAGE(E17:P17) -> 283.15413
D18: '21 | E18: =[1]월별!S38/1000000 -> 330.78196 | F18: =[1]월별!T38/1000000 -> 307.55459 | G18: =[1]월별!U38/1000000 -> 274.15259 | H18: =[1]월별!V38/1000000 -> 268.73851 | I18: =[1]월별!W38/1000000 -> 248.51325 | J18: =[1]월별!X38/1000000 -> 319.26218 | K18: =[1]월별!Y38/1000000 -> 342.58215 | L18: =[1]월별!Z38/1000000 -> 277.30772 | ... P18: =[1]월별!AD38/1000000 -> 350.80932 | Q18: =+AVERAGE(E18:P18) -> 293.17662
D19: '22 | E19: =[1]월별!AE38/1000000 -> 347.90669 | F19: =[1]월별!AF38/1000000 -> 317.23138 | G19: =[1]월별!AG38/1000000 -> 253.39872 | H19: =[1]월별!AH38/1000000 -> 248.36276 | I19: =[1]월별!AI38/1000000 -> 280.84282 | J19: =[1]월별!AJ38/1000000 -> 347.30455 | K19: =[1]월별!AK38/1000000 -> 365.65539 | L19: =[1]월별!AL38/1000000 -> 306.88253 | ... P19: =[1]월별!AP38/1000000 -> 439.33532 | Q19: =+AVERAGE(E19:P19) -> 328.34651
D20: '23 | E20: =[1]월별!AQ38/1000000 -> 468.74468 | F20: =[1]월별!AR38/1000000 -> 449.58973 | G20: =[1]월별!AS38/1000000 -> 406.64965 | H20: =[1]월별!AT38/1000000 -> 377.69385 | I20: =[1]월별!AU38/1000000 -> 388.85077 | J20: =[1]월별!AV38/1000000 -> 433.3384 | K20: =[1]월별!AW38/1000000 -> 418.28948 | L20: =[1]월별!AX38/1000000 -> 417.16183 | ... P20: =[1]월별!BB38/1000000 -> 411.90695 | Q20: =+AVERAGE(E20:P20) -> 410.60515 | R20: [산업용 전기요금 단가 변화] - '23년 : 153.7원/Kwh - '24년 : 168.2원/Kwh - '25년 : 182.8원/Kwh - '26년 : 전기요금 체제 개편안 시행(별첨, 4/16~) [ 단가 인상 시점] - '23년 11월 ~ : 10.6원/Kwh 인상 - '24년 10월말~ : 9.7% 인상
D21: '24 | E21: =[1]월별!BC38/1000000 -> 481.02239 | F21: =[1]월별!BD38/1000000 -> 429.58587 | G21: =[1]월별!BE38/1000000 -> 389.6561 | H21: =[1]월별!BF38/1000000 -> 379.23181 | I21: =[1]월별!BG38/1000000 -> 375.54378 | J21: =[1]월별!BH38/1000000 -> 441.41839 | K21: =[1]월별!BI38/1000000 -> 415.39849 | L21: =[1]월별!BJ38/1000000 -> 423.27445 | ... P21: =[1]월별!BN38/1000000 -> 493.66654 | Q21: =+AVERAGE(E21:P21) -> 421.30257
D22: '25 | E22: =[1]월별!BO38/1000000 -> 471.60722 | F22: =[1]월별!BP38/1000000 -> 484.05639 | G22: =[1]월별!BQ38/1000000 -> 441.49142 | H22: =[1]월별!BR38/1000000 -> 430.06834 | I22: =[1]월별!BS38/1000000 -> 435.28829 | J22: =[1]월별!BT38/1000000 -> 470.98455 | K22: =[1]월별!BU38/1000000 -> 419.36332 | L22: =[1]월별!BV38/1000000 -> 410.11799 | ... P22: =[1]월별!BZ38/1000000 -> 444.93493 | Q22: =+AVERAGE(E22:P22) -> 432.65943
D23: '26 | E23: =[1]월별!CA38/1000000 -> 472.6216 | F23: =[1]월별!CB38/1000000 -> 405.42731 | G23: =404961107/1000000 -> 404.96111 | H23: 387.76984 | Q23: =+AVERAGE(E23:P23) -> 417.69496
B24: 근무일수 | C24: 일 | D24: '07 | E24: 24.2 | F24: 23.07 | G24: 27 | H24: 26.3 | I24: 28.33 | J24: 27 | K24: 22.7 | L24: 22.7 | M24: 22.75 | N24: 29.55 | O24: 29 | P24: 28.5 | Q24: =+AVERAGE(E24:P24) -> 25.925
D25: '08 | E25: 28 | F25: 23.65 | G25: 27.54 | H25: 7312.576 | I25: 21.92 | J25: 21.45 | K25: 22.6 | L25: 19.9 | M25: 16.9 | N25: 25.2 | O25: 20.75 | P25: 17.6 | Q25: =+AVERAGE(E25:P25) -> 629.8405
D26: '09 | E26: 11 | F26: 15 | G26: 18.6 | H26: 0.32337059 | I26: 18.2 | J26: 21.1 | K26: 23.8 | L26: 16.9 | M26: 26.9 | N26: 25 | O26: 26.65 | P26: =+[1]월별!#REF! -> #REF! | Q26: =+AVERAGE(E26:P26) -> #REF!
D27: '10 | E27: =+[1]월별!#REF! -> #REF! | F27: =+[1]월별!#REF! -> #REF! | G27: =+[1]월별!#REF! -> #REF! | H27: =+[1]월별!#REF! -> #REF! | I27: =+[1]월별!#REF! -> #REF! | J27: =+[1]월별!#REF! -> #REF! | K27: =+[1]월별!#REF! -> #REF! | L27: =+[1]월별!#REF! -> #REF! | ... P27: =+[1]월별!#REF! -> #REF! | Q27: =+AVERAGE(E27:P27) -> #REF!
D28: '11 | E28: =[1]월별!#REF! -> #REF! | F28: =[1]월별!#REF! -> #REF! | G28: =[1]월별!#REF! -> #REF! | H28: =[1]월별!#REF! -> #REF! | I28: =[1]월별!#REF! -> #REF! | J28: =[1]월별!#REF! -> #REF! | K28: =[1]월별!#REF! -> #REF! | L28: =[1]월별!#REF! -> #REF! | ... P28: =[1]월별!#REF! -> #REF! | Q28: =+AVERAGE(E28:P28) -> #REF!
D29: "12 | E29: =[1]월별!#REF! -> #REF! | F29: =[1]월별!#REF! -> #REF! | G29: =[1]월별!#REF! -> #REF! | H29: =[1]월별!#REF! -> #REF! | I29: =[1]월별!#REF! -> #REF! | J29: =[1]월별!#REF! -> #REF! | K29: =[1]월별!#REF! -> #REF! | L29: =[1]월별!#REF! -> #REF! | ... P29: =[1]월별!#REF! -> #REF! | Q29: =+AVERAGE(E29:P29) -> #REF!
D30: '13 | E30: =[1]월별!#REF! -> #REF! | F30: =[1]월별!#REF! -> #REF! | G30: =[1]월별!#REF! -> #REF! | H30: =[1]월별!#REF! -> #REF! | I30: =[1]월별!#REF! -> #REF! | J30: =[1]월별!#REF! -> #REF! | K30: =[1]월별!#REF! -> #REF! | L30: =[1]월별!#REF! -> #REF! | ... P30: =[1]월별!#REF! -> #REF! | Q30: =+AVERAGE(E30:P30) -> #REF!
D31: '14 | E31: =[1]월별!#REF! -> #REF! | F31: =[1]월별!#REF! -> #REF! | G31: =[1]월별!#REF! -> #REF! | H31: =[1]월별!#REF! -> #REF! | I31: =[1]월별!#REF! -> #REF! | J31: =[1]월별!#REF! -> #REF! | K31: =[1]월별!#REF! -> #REF! | L31: =[1]월별!#REF! -> #REF! | ... P31: =[1]월별!#REF! -> #REF! | Q31: =+AVERAGE(E31:P31) -> #REF!
D32: '15 | E32: =[1]월별!#REF! -> #REF! | F32: =[1]월별!#REF! -> #REF! | G32: =[1]월별!#REF! -> #REF! | H32: =[1]월별!#REF! -> #REF! | I32: =[1]월별!#REF! -> #REF! | J32: =[1]월별!#REF! -> #REF! | K32: =[1]월별!#REF! -> #REF! | L32: =[1]월별!#REF! -> #REF! | ... P32: =[1]월별!#REF! -> #REF! | Q32: =+AVERAGE(E32:P32) -> #REF!
D33: '16 | E33: =[1]월별!#REF! -> #REF! | F33: =[1]월별!#REF! -> #REF! | G33: =[1]월별!#REF! -> #REF! | H33: =[1]월별!#REF! -> #REF! | I33: =[1]월별!#REF! -> #REF! | J33: =[1]월별!#REF! -> #REF! | K33: =[1]월별!#REF! -> #REF! | L33: =[1]월별!#REF! -> #REF! | ... P33: =[1]월별!#REF! -> #REF! | Q33: =+AVERAGE(E33:P33) -> #REF!
D34: '17 | E34: =[1]월별!#REF! -> #REF! | F34: =[1]월별!#REF! -> #REF! | G34: =[1]월별!#REF! -> #REF! | H34: =[1]월별!#REF! -> #REF! | I34: =[1]월별!#REF! -> #REF! | J34: =[1]월별!#REF! -> #REF! | K34: =[1]월별!#REF! -> #REF! | L34: =[1]월별!#REF! -> #REF! | ... P34: =[1]월별!#REF! -> #REF! | Q34: =+AVERAGE(E34:P34) -> #REF!
D35: '18 | E35: =[1]월별!#REF! -> #REF! | F35: =[1]월별!#REF! -> #REF! | G35: =[1]월별!#REF! -> #REF! | H35: =[1]월별!#REF! -> #REF! | I35: =[1]월별!#REF! -> #REF! | J35: =[1]월별!#REF! -> #REF! | K35: =[1]월별!#REF! -> #REF! | L35: =[1]월별!#REF! -> #REF! | ... P35: =[1]월별!#REF! -> #REF! | Q35: =+AVERAGE(E35:P35) -> #REF!
D36: '19 | E36: =[1]월별!#REF! -> #REF! | F36: =[1]월별!#REF! -> #REF! | G36: =[1]월별!#REF! -> #REF! | H36: =[1]월별!#REF! -> #REF! | I36: =[1]월별!#REF! -> #REF! | J36: =[1]월별!#REF! -> #REF! | K36: =[1]월별!#REF! -> #REF! | L36: =[1]월별!#REF! -> #REF! | ... P36: =[1]월별!#REF! -> #REF! | Q36: =+AVERAGE(E36:P36) -> #REF!
D37: '20 | E37: =[1]월별!G39 -> 24.5 | F37: =[1]월별!H39 -> 20.2 | G37: =[1]월별!I39 -> 28.5 | H37: =[1]월별!J39 -> 24.5 | I37: =[1]월별!K39 -> 17.5 | J37: =[1]월별!L39 -> 21 | K37: =[1]월별!M39 -> 27.1 | L37: =[1]월별!N39 -> 22.1 | ... P37: =[1]월별!R39 -> 28.1 | Q37: =+AVERAGE(E37:P37) -> 24.983333
D38: '21 | E38: =[1]월별!S39 -> 24.7 | F38: =[1]월별!T39 -> 24.7 | G38: =[1]월별!U39 -> 29.7 | H38: =[1]월별!V39 -> 29.4 | I38: =[1]월별!W39 -> 27 | J38: =[1]월별!X39 -> 25.5 | K38: =[1]월별!Y39 -> 29 | L38: =[1]월별!Z39 -> 21.9 | ... P38: =[1]월별!AD39 -> 27.2 | Q38: =+AVERAGE(E38:P38) -> 26.066667
D39: '22 | E39: =[1]월별!AE39 -> 28.9 | F39: =[1]월별!AF39 -> 24 | G39: =[1]월별!AG39 -> 23.5 | H39: =[1]월별!AH39 -> 22.8 | I39: =[1]월별!AI39 -> 27.9 | J39: =[1]월별!AJ39 -> 28 | K39: =[1]월별!AK39 -> 27.5 | L39: =[1]월별!AL39 -> 22 | ... P39: =[1]월별!AP39 -> 29 | Q39: =+AVERAGE(E39:P39) -> 26.308333
D40: '23 | E40: =[1]월별!AQ39 -> 28.57 | F40: =[1]월별!AR39 -> 26.9 | G40: =[1]월별!AS39 -> 29.97 | H40: =[1]월별!AT39 -> 27.87 | I40: =[1]월별!AU39 -> 28.71 | J40: =[1]월별!AV39 -> 25.93 | K40: =[1]월별!AW39 -> 24.64 | L40: =[1]월별!AX39 -> 26.04 | ... P40: =[1]월별!BB39 -> 23.71 | Q40: =+AVERAGE(E40:P40) -> 26.79
D41: '24 | E41: =[1]월별!BC39 -> 27.75 | F41: =[1]월별!BD39 -> 24.36 | G41: =[1]월별!BE39 -> 26.9 | H41: =[1]월별!BF39 -> 27.1 | I41: =[1]월별!BG39 -> 26.9 | J41: =[1]월별!BH39 -> 26.9 | K41: =[1]월별!BI39 -> 25.2 | L41: =[1]월별!BJ39 -> 26.2 | ... P41: =[1]월별!BN39 -> 25.8 | Q41: =+AVERAGE(E41:P41) -> 26.2175
D42: '25 | E42: =[1]월별!BO39 -> 25 | F42: =[1]월별!BP39 -> 25.7 | G42: =[1]월별!BQ39 -> 28.2 | H42: =[1]월별!BR39 -> 28 | I42: =[1]월별!BS39 -> 29 | J42: =[1]월별!BT39 -> 26.9 | K42: =[1]월별!BU39 -> 23 | L42: =[1]월별!BV39 -> 20.9 | ... P42: =[1]월별!BZ39 -> 22.69 | Q42: =+AVERAGE(E42:P42) -> 25.1825
D43: '26 | E43: =[1]월별!CA39 -> 24 | F43: =[1]월별!CB39 -> 21 | G43: 26 | H43: 26.3 | Q43: =+AVERAGE(E43:P43) -> 24.325
B44: 총 생산량 | C44: ton/월 | D44: '07 | E44: 4412 | F44: 4328 | G44: 5208.756 | H44: 4882 | I44: 5533.7 | J44: 5318.272 | K44: 4506.3 | L44: 4293 | M44: =[1]월별!#REF! -> #REF! | N44: 5842 | O44: 5705 | P44: 5581 | Q44: =+AVERAGE(E44:P44) -> #REF!
D45: '08 | E45: 5382 | F45: 4701 | G45: 5582 | H45: 5947 | I45: 5329 | J45: 5187.196 | K45: 5357 | L45: 4431 | M45: 3771.5 | N45: 6101.7 | O45: 4888.3 | P45: 4313.8 | Q45: =+AVERAGE(E45:P45) -> 5082.6247
D46: '09 | E46: 2546 | F46: 3555.6 | G46: 4547 | H46: 4916.7 | I46: 4564.6 | J46: 5311 | K46: 5893 | L46: 4059.6 | M46: 6547.5 | N46: 6219.6 | O46: 6539 | P46: =+[1]월별!#REF! -> #REF! | Q46: =+AVERAGE(E46:P46) -> #REF!
D47: '10 | E47: =+[1]월별!#REF! -> #REF! | F47: =+[1]월별!#REF! -> #REF! | G47: =+[1]월별!#REF! -> #REF! | H47: =+[1]월별!#REF! -> #REF! | I47: =+[1]월별!#REF! -> #REF! | J47: =+[1]월별!#REF! -> #REF! | K47: =+[1]월별!#REF! -> #REF! | L47: =+[1]월별!#REF! -> #REF! | ... P47: =+[1]월별!#REF! -> #REF! | Q47: =+AVERAGE(E47:P47) -> #REF!
D48: '11 | E48: =[1]월별!#REF! -> #REF! | F48: =[1]월별!#REF! -> #REF! | G48: =[1]월별!#REF! -> #REF! | H48: =[1]월별!#REF! -> #REF! | I48: =[1]월별!#REF! -> #REF! | J48: =[1]월별!#REF! -> #REF! | K48: =[1]월별!#REF! -> #REF! | L48: =[1]월별!#REF! -> #REF! | ... P48: =[1]월별!#REF! -> #REF! | Q48: =+AVERAGE(E48:P48) -> #REF!
D49: 12 | E49: =[1]월별!#REF! -> #REF! | F49: =[1]월별!#REF! -> #REF! | G49: =[1]월별!#REF! -> #REF! | H49: =[1]월별!#REF! -> #REF! | I49: =[1]월별!#REF! -> #REF! | J49: =[1]월별!#REF! -> #REF! | K49: =[1]월별!#REF! -> #REF! | L49: =[1]월별!#REF! -> #REF! | ... P49: =[1]월별!#REF! -> #REF! | Q49: =+AVERAGE(E49:P49) -> #REF!
D50: '13 | E50: =[1]월별!#REF! -> #REF! | F50: =[1]월별!#REF! -> #REF! | G50: =[1]월별!#REF! -> #REF! | H50: =[1]월별!#REF! -> #REF! | I50: =[1]월별!#REF! -> #REF! | J50: =[1]월별!#REF! -> #REF! | K50: =[1]월별!#REF! -> #REF! | L50: =[1]월별!#REF! -> #REF! | ... P50: =[1]월별!#REF! -> #REF! | Q50: =+AVERAGE(E50:P50) -> #REF!
D51: '14 | E51: =[1]월별!#REF! -> #REF! | F51: =[1]월별!#REF! -> #REF! | G51: =[1]월별!#REF! -> #REF! | H51: =[1]월별!#REF! -> #REF! | I51: =[1]월별!#REF! -> #REF! | J51: =[1]월별!#REF! -> #REF! | K51: =[1]월별!#REF! -> #REF! | L51: =[1]월별!#REF! -> #REF! | ... P51: =[1]월별!#REF! -> #REF! | Q51: =+AVERAGE(E51:P51) -> #REF!
D52: '15 | E52: =[1]월별!#REF! -> #REF! | F52: =[1]월별!#REF! -> #REF! | G52: =[1]월별!#REF! -> #REF! | H52: =[1]월별!#REF! -> #REF! | I52: =[1]월별!#REF! -> #REF! | J52: =[1]월별!#REF! -> #REF! | K52: =[1]월별!#REF! -> #REF! | L52: =[1]월별!#REF! -> #REF! | ... P52: =[1]월별!#REF! -> #REF! | Q52: =+AVERAGE(E52:P52) -> #REF!
D53: '16 | E53: =[1]월별!#REF! -> #REF! | F53: =[1]월별!#REF! -> #REF! | G53: =[1]월별!#REF! -> #REF! | H53: =[1]월별!#REF! -> #REF! | I53: =[1]월별!#REF! -> #REF! | J53: =[1]월별!#REF! -> #REF! | K53: =[1]월별!#REF! -> #REF! | L53: =[1]월별!#REF! -> #REF! | ... P53: =[1]월별!#REF! -> #REF! | Q53: =+AVERAGE(E53:P53) -> #REF!
D54: '17 | E54: =[1]월별!#REF! -> #REF! | F54: =[1]월별!#REF! -> #REF! | G54: =[1]월별!#REF! -> #REF! | H54: =[1]월별!#REF! -> #REF! | I54: =[1]월별!#REF! -> #REF! | J54: =[1]월별!#REF! -> #REF! | K54: =[1]월별!#REF! -> #REF! | L54: =[1]월별!#REF! -> #REF! | ... P54: =[1]월별!#REF! -> #REF! | Q54: =+AVERAGE(E54:P54) -> #REF!
D55: '18 | E55: =[1]월별!#REF! -> #REF! | F55: =[1]월별!#REF! -> #REF! | G55: =[1]월별!#REF! -> #REF! | H55: =[1]월별!#REF! -> #REF! | I55: =[1]월별!#REF! -> #REF! | J55: =[1]월별!#REF! -> #REF! | K55: =[1]월별!#REF! -> #REF! | L55: =[1]월별!#REF! -> #REF! | ... P55: =[1]월별!#REF! -> #REF! | Q55: =+AVERAGE(E55:P55) -> #REF!
D56: '19 | E56: =[1]월별!#REF! -> #REF! | F56: =[1]월별!#REF! -> #REF! | G56: =[1]월별!#REF! -> #REF! | H56: =[1]월별!#REF! -> #REF! | I56: =[1]월별!#REF! -> #REF! | J56: =[1]월별!#REF! -> #REF! | K56: =[1]월별!#REF! -> #REF! | L56: =[1]월별!#REF! -> #REF! | ... P56: =[1]월별!#REF! -> #REF! | Q56: =+AVERAGE(E56:P56) -> #REF!
D57: '20 | E57: =[1]월별!G40 -> 8533.8 | F57: =[1]월별!H40 -> 6968.6 | G57: =[1]월별!I40 -> 9957.5 | H57: =[1]월별!J40 -> 8530.94 | I57: =[1]월별!K40 -> 6071.4 | J57: =[1]월별!L40 -> 7676.1 | K57: =[1]월별!M40 -> 9644.2 | L57: =[1]월별!N40 -> 8008.6 | ... P57: =[1]월별!R40 -> 10236.3 | Q57: =+AVERAGE(E57:P57) -> 8946.32
D58: '21 | E58: =[1]월별!S40 -> 9072.2 | F58: =[1]월별!T40 -> 9146.6 | G58: =[1]월별!U40 -> 11117.8 | H58: =[1]월별!V40 -> 10987.6 | I58: =[1]월별!W40 -> 10141.3 | J58: =[1]월별!X40 -> 9421.7 | K58: =[1]월별!Y40 -> 10671 | L58: =[1]월별!Z40 -> 8069 | ... P58: =[1]월별!AD40 -> 9933.7 | Q58: =+AVERAGE(E58:P58) -> 9605.075
C59: ton/월 | D59: '22 | E59: =[1]월별!AE40 -> 10767.7 | F59: =[1]월별!AF40 -> 8739.4 | G59: =[1]월별!AG40 -> 8613.1 | H59: =[1]월별!AH40 -> 8272.5 | I59: =[1]월별!AI40 -> 10182.3 | J59: =[1]월별!AJ40 -> 10121.8 | K59: =[1]월별!AK40 -> 9928.1 | L59: =[1]월별!AL40 -> 7939.8 | ... P59: =[1]월별!AP40 -> 10255.4 | Q59: =+AVERAGE(E59:P59) -> 9558
D60: '23 | E60: =[1]월별!AQ40/1000 -> 10507 | F60: =[1]월별!AR40/1000 -> 9773.7 | G60: =[1]월별!AS40/1000 -> 11106.6 | H60: =[1]월별!AT40/1000 -> 10372.5 | I60: =[1]월별!AU40/1000 -> 9928.2 | J60: =[1]월별!AV40/1000 -> 8986.8 | K60: =[1]월별!AW40/1000 -> 8371.7 | L60: =[1]월별!AX40/1000 -> 8801.1 | ... Q60: =[1]월별!BC40/1000 -> 9384 | R60: - '23년 5월 ~ : #5호기 비가동 - '25년 9월 ~ : #1호기 비가동
D61: '24 | E61: =[1]월별!BC40/1000 -> 9384 | F61: =[1]월별!BD40/1000 -> 8223.78 | G61: =[1]월별!BE40/1000 -> 8847.1 | H61: =[1]월별!BF40/1000 -> 9196.62 | I61: =[1]월별!BG40/1000 -> 9015.06 | J61: =[1]월별!BH40/1000 -> 9062.7 | K61: =[1]월별!BI40/1000 -> 8372.65 | L61: =[1]월별!BJ40/1000 -> 8731.6 | ... Q61: =[1]월별!BO40/1000 -> 8076.7
D62: '25 | E62: =[1]월별!BO40/1000 -> 8076.7 | F62: =[1]월별!BP40/1000 -> 8300.56 | G62: =[1]월별!BQ40/1000 -> 9173 | H62: =[1]월별!BR40/1000 -> 8962.7 | I62: =[1]월별!BS40/1000 -> 9322 | J62: =[1]월별!BT40/1000 -> 8537.1 | K62: =[1]월별!BU40/1000 -> 7089.24 | L62: =[1]월별!BV40/1000 -> 6502.7 | ... Q62: =[1]월별!CA40/1000 -> 7139.481
D63: '26 | E63: =[1]월별!CA40/1000 -> 7139.481 | F63: =[1]월별!CB40/1000 -> 6176.114 | G63: =7595718/1000 -> 7595.718 | H63: 7312.576 | Q63: =+AVERAGE(E63:P63) -> 7055.9722
B64: 단위당 전기사용량 | C64: kwh/ton | D64: '07 | E64: 3.1797098 | F64: 3.265045 | G64: 3.4305687 | H64: 3.4616748 | I64: 3.601375 | J64: 3.6419835 | K64: 3.5608625 | L64: 3.6352274 | M64: 3.5612798 | N64: 3.5827654 | O64: 3.4239834 | P64: 3.3174505 | Q64: =+AVERAGE(E64:P64) -> 3.4718272
D65: '08 | E65: 3.3228868 | F65: 3.2768716 | G65: 3.2948482 | H65: 3.3957787 | I65: 3.4324486 | J65: 3.4543723 | K65: 3.4409091 | L65: 3.3696535 | M65: 3.2816655 | N65: 3.4811795 | O65: 3.1776956 | P65: 2.9636133 | Q65: =+AVERAGE(E65:P65) -> 3.3243269
D66: '09 | E66: 2.4358415 | F66: 3.0065041 | G66: 3.2553817 | H66: 3.3844229 | I66: 3.418285 | J66: 3.6210244 | K66: 3.5602776 | L66: 3.4671832 | M66: 3.5654774 | N66: 3.5276502 | O66: 3.3439292 | P66: =+[1]월별!#REF! -> #REF! | Q66: =+AVERAGE(E66:P66) -> #REF!
D67: '10 | E67: =+[1]월별!#REF! -> #REF! | F67: =+[1]월별!#REF! -> #REF! | G67: =+[1]월별!#REF! -> #REF! | H67: =+[1]월별!#REF! -> #REF! | I67: =+[1]월별!#REF! -> #REF! | J67: =+[1]월별!#REF! -> #REF! | K67: =+[1]월별!#REF! -> #REF! | L67: =+[1]월별!#REF! -> #REF! | ... P67: =+[1]월별!#REF! -> #REF! | Q67: =+AVERAGE(E67:P67) -> #REF!
D68: '11 | E68: =[1]월별!#REF! -> #REF! | F68: =[1]월별!#REF! -> #REF! | G68: =[1]월별!#REF! -> #REF! | H68: =[1]월별!#REF! -> #REF! | I68: =[1]월별!#REF! -> #REF! | J68: =[1]월별!#REF! -> #REF! | K68: =[1]월별!#REF! -> #REF! | L68: =[1]월별!#REF! -> #REF! | ... P68: =[1]월별!#REF! -> #REF! | Q68: =+AVERAGE(E68:P68) -> #REF!
D69: 12 | E69: =[1]월별!#REF! -> #REF! | F69: =[1]월별!#REF! -> #REF! | G69: =[1]월별!#REF! -> #REF! | H69: =[1]월별!#REF! -> #REF! | I69: =[1]월별!#REF! -> #REF! | J69: =[1]월별!#REF! -> #REF! | K69: =[1]월별!#REF! -> #REF! | L69: =[1]월별!#REF! -> #REF! | ... P69: =[1]월별!#REF! -> #REF! | Q69: =+AVERAGE(E69:P69) -> #REF!
D70: '13 | E70: =[1]월별!#REF! -> #REF! | F70: =[1]월별!#REF! -> #REF! | G70: =[1]월별!#REF! -> #REF! | H70: =[1]월별!#REF! -> #REF! | I70: =[1]월별!#REF! -> #REF! | J70: =[1]월별!#REF! -> #REF! | K70: =[1]월별!#REF! -> #REF! | L70: =[1]월별!#REF! -> #REF! | ... P70: =[1]월별!#REF! -> #REF! | Q70: =+AVERAGE(E70:P70) -> #REF!
D71: '14 | E71: =[1]월별!#REF! -> #REF! | F71: =[1]월별!#REF! -> #REF! | G71: =[1]월별!#REF! -> #REF! | H71: =[1]월별!#REF! -> #REF! | I71: =[1]월별!#REF! -> #REF! | J71: =[1]월별!#REF! -> #REF! | K71: =[1]월별!#REF! -> #REF! | L71: =[1]월별!#REF! -> #REF! | ... P71: =[1]월별!#REF! -> #REF! | Q71: =+AVERAGE(E71:P71) -> #REF!
D72: '15 | E72: =[1]월별!#REF! -> #REF! | F72: =[1]월별!#REF! -> #REF! | G72: =[1]월별!#REF! -> #REF! | H72: =[1]월별!#REF! -> #REF! | I72: =[1]월별!#REF! -> #REF! | J72: =[1]월별!#REF! -> #REF! | K72: =[1]월별!#REF! -> #REF! | L72: =[1]월별!#REF! -> #REF! | ... P72: =[1]월별!#REF! -> #REF! | Q72: =+AVERAGE(E72:P72) -> #REF!
D73: '16 | E73: =[1]월별!#REF! -> #REF! | F73: =[1]월별!#REF! -> #REF! | G73: =[1]월별!#REF! -> #REF! | H73: =[1]월별!#REF! -> #REF! | I73: =[1]월별!#REF! -> #REF! | J73: =[1]월별!#REF! -> #REF! | K73: =[1]월별!#REF! -> #REF! | L73: =[1]월별!#REF! -> #REF! | ... P73: =[1]월별!#REF! -> #REF! | Q73: =+AVERAGE(E73:P73) -> #REF!
D74: '17 | E74: =[1]월별!#REF! -> #REF! | F74: =[1]월별!#REF! -> #REF! | G74: =[1]월별!#REF! -> #REF! | H74: =[1]월별!#REF! -> #REF! | I74: =[1]월별!#REF! -> #REF! | J74: =[1]월별!#REF! -> #REF! | K74: =[1]월별!#REF! -> #REF! | L74: =[1]월별!#REF! -> #REF! | ... P74: =[1]월별!#REF! -> #REF! | Q74: =+AVERAGE(E74:P74) -> #REF!
D75: '18 | E75: =[1]월별!#REF! -> #REF! | F75: =[1]월별!#REF! -> #REF! | G75: =[1]월별!#REF! -> #REF! | H75: =[1]월별!#REF! -> #REF! | I75: =[1]월별!#REF! -> #REF! | J75: =[1]월별!#REF! -> #REF! | K75: =[1]월별!#REF! -> #REF! | L75: =[1]월별!#REF! -> #REF! | ... P75: =[1]월별!#REF! -> #REF! | Q75: =+AVERAGE(E75:P75) -> #REF!
D76: '19 | E76: =[1]월별!#REF! -> #REF! | F76: =[1]월별!#REF! -> #REF! | G76: =[1]월별!#REF! -> #REF! | H76: =[1]월별!#REF! -> #REF! | I76: =[1]월별!#REF! -> #REF! | J76: =[1]월별!#REF! -> #REF! | K76: =[1]월별!#REF! -> #REF! | L76: =[1]월별!#REF! -> #REF! | ... P76: =[1]월별!#REF! -> #REF! | Q76: =+AVERAGE(E76:P76) -> #REF!
D77: '20 | E77: =[1]월별!G41 -> 3.3114325 | F77: =[1]월별!H41 -> 3.0945809 | G77: =[1]월별!I41 -> 3.4728616 | H77: =[1]월별!J41 -> 3.3981094 | I77: =[1]월별!K41 -> 3.3471156 | J77: =[1]월별!L41 -> 3.498168 | K77: =[1]월별!M41 -> 3.5143223 | L77: =[1]월별!N41 -> 3.4837934 | ... P77: =[1]월별!R41 -> 3.2663928 | Q77: =+AVERAGE(E77:P77) -> 3.4018469
D78: '21 | E78: =[1]월별!S41 -> 3.2308405 | F78: =[1]월별!T41 -> 3.3701349 | G78: =[1]월별!U41 -> 3.5270955 | H78: =[1]월별!V41 -> 3.5769722 | I78: =[1]월별!W41 -> 3.5779354 | J78: =[1]월별!X41 -> 3.5812625 | K78: =[1]월별!Y41 -> 3.5740985 | L78: =[1]월별!Z41 -> 3.5659864 | ... P78: =[1]월별!AD41 -> 3.3122933 | Q78: =+AVERAGE(E78:P78) -> 3.4743244
D79: '22 | E79: =[1]월별!AE41 -> 3.5258249 | F79: =[1]월별!AF41 -> 3.1961877 | G79: =[1]월별!AG41 -> 3.3780678 | H79: =[1]월별!AH41 -> 3.4670532 | I79: =[1]월별!AI41 -> 3.5704518 | J79: =[1]월별!AJ41 -> 3.5900852 | K79: =[1]월별!AK41 -> 3.5530795 | L79: =[1]월별!AL41 -> 3.5490913 | ... P79: =[1]월별!AP41 -> 3.2687326 | Q79: =+AVERAGE(E79:P79) -> 3.4695781
D80: '23 | E80: =[1]월별!AQ41*1000 -> 296.84896 | F80: =[1]월별!AR41*1000 -> 297.14356 | G80: =[1]월별!AS41*1000 -> 286.66198 | H80: =[1]월별!AT41*1000 -> 283.67317 | I80: =[1]월별!AU41*1000 -> 285.40763 | J80: =[1]월별!AV41*1000 -> 284.67886 | K80: =[1]월별!AW41*1000 -> 293.83566 | L80: =[1]월별!AX41*1000 -> 284.68078 | ... P80: =[1]월별!BB41*1000 -> 317.31575 | Q80: =+AVERAGE(E80:P80) -> 291.99814 | R80: - '25년 12월 ~ : 연구 6,7호기 샘플 양산 확대 시작 (연구1~7호기 = 양산 1라인 수준 전기 사용 中) - 계절별 전기요금 차
D81: '24 | E81: =[1]월별!BC41*1000 -> 299.84655 | F81: =[1]월별!BD41*1000 -> 304.42643 | G81: =[1]월별!BE41*1000 -> 302.35806 | H81: =[1]월별!BF41*1000 -> 282.70908 | I81: =[1]월별!BG41*1000 -> 285.79377 | J81: =[1]월별!BH41*1000 -> 285.89626 | K81: =[1]월별!BI41*1000 -> 283.57473 | L81: =[1]월별!BJ41*1000 -> 280.38847 | ... Q81: =[1]월별!BO41*1000 -> 311.58666
D82: '25 | E82: =[1]월별!BO41*1000 -> 311.58666 | F82: =[1]월별!BP41*1000 -> 308.10451 | G82: =[1]월별!BQ41*1000 -> 299.38123 | H82: =[1]월별!BR41*1000 -> 294.08281 | I82: =[1]월별!BS41*1000 -> 289.73525 | J82: =[1]월별!BT41*1000 -> 291.2352 | K82: =[1]월별!BU41*1000 -> 301.90429 | L82: =[1]월별!BV41*1000 -> 318.18168 | ... Q82: =[1]월별!CA41*1000 -> 345.9075
D83: '26 | E83: =[1]월별!CA41*1000 -> 345.9075 | F83: =[1]월별!CB41*1000 -> 341.11547 | G83: 327 | H83: =0.323370587874918*1000 -> 323.37059 | Q83: =+AVERAGE(E83:P83) -> 334.34839
B84: 단위당 전기 요금 | C84: 천원/ton | D84: '07 | E84: 19578.137 | F84: 19294.157 | G84: 17753.722 | H84: 16776.684 | I84: 15588.007 | J84: 15640.556 | K84: 21438.522 | L84: 21801.036 | M84: 16720.321 | N84: 15564.755 | O84: 18803.309 | P84: 18927.213 | Q84: =AVERAGE(E84:P84) -> 18157.202
D85: '08 | E85: 20093.201 | F85: 20278.91 | G85: 18007.767 | H85: 17450.85 | I85: 18032.261 | J85: 17717.444 | K85: 23202.96 | L85: 24447.129 | M85: 20560.119 | N85: 17066.176 | O85: 23555.23 | P85: 26535.125 | Q85: =AVERAGE(E85:P85) -> 20578.931
O86: 9.4%↑
D87: '09 | E87: 33722.408 | F87: 27010.483 | G87: 21111.772 | H87: 19999.728 | I87: 20094.729 | J87: 18739.085 | K87: 25882.648 | L87: 27723.988 | M87: 19261.544 | N87: 19522.14 | O87: 23074.462 | P87: =+[1]월별!#REF! -> #REF! | Q87: =AVERAGE(E87:P87) -> #REF!
K88: 6.9%↑
D89: '10 | E89: =+[1]월별!#REF! -> #REF! | F89: =+[1]월별!#REF! -> #REF! | G89: =+[1]월별!#REF! -> #REF! | H89: =+[1]월별!#REF! -> #REF! | I89: =+[1]월별!#REF! -> #REF! | J89: =+[1]월별!#REF! -> #REF! | K89: =+[1]월별!#REF! -> #REF! | L89: 24968 | M89: 18812 | N89: =+[1]월별!#REF! -> #REF! | O89: =+[1]월별!#REF! -> #REF! | P89: 26135 | Q89: =AVERAGE(E89:P89) -> #REF!
L90: 5.9%↑
D91: '11 | E91: =[1]월별!#REF! -> #REF! | F91: =[1]월별!#REF! -> #REF! | G91: =[1]월별!#REF! -> #REF! | H91: =[1]월별!#REF! -> #REF! | I91: =[1]월별!#REF! -> #REF! | J91: =[1]월별!#REF! -> #REF! | K91: =[1]월별!#REF! -> #REF! | L91: 27325 | M91: 20984 | N91: =[1]월별!#REF! -> #REF! | O91: =[1]월별!#REF! -> #REF! | P91: 28801 | Q91: =AVERAGE(E91:P91) -> #REF!
L92: 6.3%↑ | P92: 6.6% ↑
D93: '12 | E93: =[1]월별!#REF! -> #REF! | F93: =[1]월별!#REF! -> #REF! | G93: =[1]월별!#REF! -> #REF! | H93: =[1]월별!#REF! -> #REF! | I93: =[1]월별!#REF! -> #REF! | J93: =[1]월별!#REF! -> #REF! | K93: =[1]월별!#REF! -> #REF! | L93: =[1]월별!#REF! -> #REF! | ... P93: =[1]월별!#REF! -> #REF! | Q93: =AVERAGE(E93:P93) -> #REF!
L94: 6.0%↑
D95: '13 | E95: =[1]월별!#REF! -> #REF! | F95: =[1]월별!#REF! -> #REF! | G95: =[1]월별!#REF! -> #REF! | H95: =[1]월별!#REF! -> #REF! | I95: =[1]월별!#REF! -> #REF! | J95: =[1]월별!#REF! -> #REF! | K95: =[1]월별!#REF! -> #REF! | L95: =[1]월별!#REF! -> #REF! | ... P95: =[1]월별!#REF! -> #REF! | Q95: =AVERAGE(E95:P95) -> #REF!
E96: 4.4%↑ | O96: 6.4%↑
D97: '14 | E97: =[1]월별!#REF! -> #REF! | F97: =[1]월별!#REF! -> #REF! | G97: =[1]월별!#REF! -> #REF! | H97: =[1]월별!#REF! -> #REF! | I97: =[1]월별!#REF! -> #REF! | J97: =[1]월별!#REF! -> #REF! | K97: =[1]월별!#REF! -> #REF! | L97: =[1]월별!#REF! -> #REF! | ... P97: =[1]월별!#REF! -> #REF! | Q97: =AVERAGE(E97:P97) -> #REF!
D99: '16 | E99: =+[1]월별!#REF! -> #REF! | F99: =+[1]월별!#REF! -> #REF! | G99: =+[1]월별!#REF! -> #REF! | H99: =+[1]월별!#REF! -> #REF! | I99: =+[1]월별!#REF! -> #REF! | J99: =+[1]월별!#REF! -> #REF! | K99: =+[1]월별!#REF! -> #REF! | L99: =+[1]월별!#REF! -> #REF! | ... P99: =+[1]월별!#REF! -> #REF! | Q99: =AVERAGE(E99:P99) -> #REF!
D100: '16 | E100: =+[1]월별!#REF! -> #REF! | F100: =+[1]월별!#REF! -> #REF! | G100: =+[1]월별!#REF! -> #REF! | H100: =+[1]월별!#REF! -> #REF! | I100: =+[1]월별!#REF! -> #REF! | J100: =+[1]월별!#REF! -> #REF! | K100: =+[1]월별!#REF! -> #REF! | L100: =+[1]월별!#REF! -> #REF! | ... P100: =+[1]월별!#REF! -> #REF! | Q100: =AVERAGE(E100:P100) -> #REF!
D101: '17 | E101: =[1]월별!#REF! -> #REF! | F101: =[1]월별!#REF! -> #REF! | G101: =[1]월별!#REF! -> #REF! | H101: =[1]월별!#REF! -> #REF! | I101: =[1]월별!#REF! -> #REF! | J101: =[1]월별!#REF! -> #REF! | K101: =[1]월별!#REF! -> #REF! | L101: =[1]월별!#REF! -> #REF! | ... P101: =[1]월별!#REF! -> #REF! | Q101: =AVERAGE(E101:P101) -> #REF!
D102: '18 | E102: =[1]월별!#REF! -> #REF! | F102: =[1]월별!#REF! -> #REF! | G102: =[1]월별!#REF! -> #REF! | H102: =[1]월별!#REF! -> #REF! | I102: =[1]월별!#REF! -> #REF! | J102: =[1]월별!#REF! -> #REF! | K102: =[1]월별!#REF! -> #REF! | L102: =[1]월별!#REF! -> #REF! | ... P102: =[1]월별!#REF! -> #REF! | Q102: =AVERAGE(E102:P102) -> #REF!
...

Sheet 26년개편안
